{"cameraMode":{"drawMode":0,"name":"Shaded","section":"Shading Mode"},"sceneLighting":true,"audioPlay":false,"sceneViewState":{"m_AlwaysRefresh":false,"showFog":true,"showSkybox":true,"showFlares":true,"showImageEffects":true,"showParticleSystems":true,"showVisualEffectGraphs":true,"m_FxEnabled":false},"in2DMode":false,"pivot":{"x":58.25388717651367,"y":-34.35062789916992,"z":57.30595779418945},"rotation":{"x":0.22963805496692658,"y":0.003469302551820874,"z":-0.004493420943617821,"w":0.9737395644187927},"size":52.392391204833987,"orthographic":false}