{"cameraMode":{"drawMode":0,"name":"Shaded","section":"Shading Mode"},"sceneLighting":true,"audioPlay":false,"sceneViewState":{"m_AlwaysRefresh":false,"showFog":true,"showSkybox":true,"showFlares":true,"showImageEffects":true,"showParticleSystems":true,"showVisualEffectGraphs":true,"m_FxEnabled":false},"in2DMode":false,"pivot":{"x":-13.996186256408692,"y":12.787354469299317,"z":-21.956979751586915},"rotation":{"x":0.13235361874103547,"y":0.32476624846458437,"z":-0.05421602725982666,"w":0.934989333152771},"size":5.052217960357666,"orthographic":false}