{"cameraMode":{"drawMode":0,"name":"Shaded","section":"Shading Mode"},"sceneLighting":true,"audioPlay":false,"sceneViewState":{"m_AlwaysRefresh":false,"showFog":true,"showSkybox":true,"showFlares":true,"showImageEffects":true,"showParticleSystems":true,"showVisualEffectGraphs":true,"m_FxEnabled":false},"in2DMode":false,"pivot":{"x":-0.6905293464660645,"y":-0.8485795855522156,"z":-10.009138107299805},"rotation":{"x":-0.23409605026245118,"y":-0.2723437547683716,"z":0.06956229358911514,"w":-0.9310966730117798},"size":3.5671379566192629,"orthographic":false}