{"cameraMode":{"drawMode":0,"name":"Shaded","section":"Shading Mode"},"sceneLighting":true,"audioPlay":false,"sceneViewState":{"m_AlwaysRefresh":false,"showFog":true,"showSkybox":true,"showFlares":true,"showImageEffects":true,"showParticleSystems":true,"showVisualEffectGraphs":true,"m_FxEnabled":false},"in2DMode":false,"pivot":{"x":-2.0298686027526857,"y":-12.719890594482422,"z":3.807137966156006},"rotation":{"x":-0.41392260789871218,"y":-0.007638601586222649,"z":0.004612184129655361,"w":-0.9106917977333069},"size":18.116561889648439,"orthographic":false}