{"cameraMode":{"drawMode":0,"name":"Shaded","section":"Shading Mode"},"sceneLighting":true,"audioPlay":false,"sceneViewState":{"m_AlwaysRefresh":false,"showFog":true,"showSkybox":true,"showFlares":true,"showImageEffects":true,"showParticleSystems":true,"showVisualEffectGraphs":true,"m_FxEnabled":true},"in2DMode":false,"pivot":{"x":650.746337890625,"y":247.83885192871095,"z":-240.88938903808595},"rotation":{"x":0.19112950563430787,"y":0.010315519757568837,"z":-0.0019921790808439256,"w":0.9815925359725952},"size":216.2405242919922,"orthographic":false}