{"cameraMode":{"drawMode":0,"name":"Shaded","section":"Shading Mode"},"sceneLighting":true,"audioPlay":false,"sceneViewState":{"m_AlwaysRefresh":false,"showFog":true,"showSkybox":true,"showFlares":true,"showImageEffects":true,"showParticleSystems":true,"showVisualEffectGraphs":true,"m_FxEnabled":false},"in2DMode":false,"pivot":{"x":-11.912985801696778,"y":6.9876861572265629,"z":-0.5319716334342957},"rotation":{"x":0.2456221729516983,"y":0.5925492644309998,"z":-0.19624106585979463,"w":0.7416688203811646},"size":2.3208227157592775,"orthographic":false}