{"cameraMode":{"drawMode":0,"name":"Shaded","section":"Shading Mode"},"sceneLighting":true,"audioPlay":false,"sceneViewState":{"m_AlwaysRefresh":false,"showFog":true,"showSkybox":true,"showFlares":true,"showImageEffects":true,"showParticleSystems":true,"showVisualEffectGraphs":true,"m_FxEnabled":false},"in2DMode":false,"pivot":{"x":-4.3764872550964359,"y":0.9331803917884827,"z":38.26164245605469},"rotation":{"x":-0.4267745018005371,"y":-0.040041614323854449,"z":0.02768704667687416,"w":-0.9031713008880615},"size":13.478636741638184,"orthographic":false}