{"cameraMode":{"drawMode":0,"name":"Shaded","section":"Shading Mode"},"sceneLighting":false,"audioPlay":false,"sceneViewState":{"m_AlwaysRefresh":false,"showFog":true,"showSkybox":false,"showFlares":true,"showImageEffects":true,"showParticleSystems":true,"showVisualEffectGraphs":true,"m_FxEnabled":true},"in2DMode":false,"pivot":{"x":-4.149824142456055,"y":3.1469991207122804,"z":-3.1049938201904299},"rotation":{"x":0.17623232305049897,"y":0.47431862354278567,"z":-0.09753704071044922,"w":0.8570064306259155},"size":0.04809723049402237,"orthographic":false}