{"cameraMode":{"drawMode":0,"name":"Shaded","section":"Shading Mode"},"sceneLighting":false,"audioPlay":false,"sceneViewState":{"m_AlwaysRefresh":false,"showFog":true,"showSkybox":false,"showFlares":true,"showImageEffects":true,"showParticleSystems":true,"showVisualEffectGraphs":true,"m_FxEnabled":true},"in2DMode":false,"pivot":{"x":0.27433425188064577,"y":2.7600369453430177,"z":-0.8916296362876892},"rotation":{"x":0.2962251901626587,"y":0.35887038707733157,"z":-0.12124510109424591,"w":0.8767963647842407},"size":2.9398865699768068,"orthographic":false}