{"cameraMode":{"drawMode":0,"name":"Shaded","section":"Shading Mode"},"sceneLighting":false,"audioPlay":false,"sceneViewState":{"m_AlwaysRefresh":false,"showFog":true,"showSkybox":false,"showFlares":true,"showImageEffects":true,"showParticleSystems":true,"showVisualEffectGraphs":true,"m_FxEnabled":true},"in2DMode":false,"pivot":{"x":0.3325514793395996,"y":2.1637325286865236,"z":-1.7425415515899659},"rotation":{"x":0.3405889868736267,"y":0.41221383213996889,"z":-0.16959315538406373,"w":0.8278446793556213},"size":3.065960168838501,"orthographic":false}