{"cameraMode":{"drawMode":0,"name":"Shaded","section":"Shading Mode"},"sceneLighting":false,"audioPlay":false,"sceneViewState":{"m_AlwaysRefresh":false,"showFog":true,"showSkybox":false,"showFlares":true,"showImageEffects":true,"showParticleSystems":true,"showVisualEffectGraphs":true,"m_FxEnabled":true},"in2DMode":false,"pivot":{"x":-0.1768186241388321,"y":1.586982011795044,"z":-1.4610365629196168},"rotation":{"x":0.17377212643623353,"y":0.4847170412540436,"z":-0.09891785681247711,"w":0.8515145778656006},"size":2.0214858055114748,"orthographic":false}