{"cameraMode":{"drawMode":0,"name":"Shaded","section":"Shading Mode"},"sceneLighting":false,"audioPlay":false,"sceneViewState":{"m_AlwaysRefresh":false,"showFog":true,"showSkybox":false,"showFlares":true,"showImageEffects":true,"showParticleSystems":true,"showVisualEffectGraphs":true,"m_FxEnabled":true},"in2DMode":false,"pivot":{"x":0.5460262298583984,"y":0.5210480093955994,"z":-0.5154275298118591},"rotation":{"x":0.36229074001312258,"y":0.3559761941432953,"z":-0.15210559964179994,"w":0.8478777408599854},"size":1.296509027481079,"orthographic":false}