{"cameraMode":{"drawMode":0,"name":"Shaded","section":"Shading Mode"},"sceneLighting":false,"audioPlay":false,"sceneViewState":{"m_AlwaysRefresh":false,"showFog":true,"showSkybox":false,"showFlares":true,"showImageEffects":true,"showParticleSystems":true,"showVisualEffectGraphs":true,"m_FxEnabled":true},"in2DMode":false,"pivot":{"x":0.5650941133499146,"y":-0.30942240357398989,"z":1.4781845808029175},"rotation":{"x":0.22276467084884644,"y":-0.38227590918540957,"z":0.09550036489963532,"w":0.891698956489563},"size":1.296509027481079,"orthographic":false}