{"cameraMode":{"drawMode":0,"name":"Shaded","section":"Shading Mode"},"sceneLighting":false,"audioPlay":false,"sceneViewState":{"m_AlwaysRefresh":false,"showFog":true,"showSkybox":false,"showFlares":true,"showImageEffects":true,"showParticleSystems":true,"showVisualEffectGraphs":true,"m_FxEnabled":true},"in2DMode":false,"pivot":{"x":0.860683262348175,"y":3.411508083343506,"z":-0.11717522144317627},"rotation":{"x":0.18088161945343018,"y":0.24352654814720155,"z":-0.0462813563644886,"w":0.9517597556114197},"size":3.5333118438720705,"orthographic":false}