{"cameraMode":{"drawMode":0,"name":"Shaded","section":"Shading Mode"},"sceneLighting":false,"audioPlay":false,"sceneViewState":{"m_AlwaysRefresh":false,"showFog":true,"showSkybox":false,"showFlares":true,"showImageEffects":true,"showParticleSystems":true,"showVisualEffectGraphs":true,"m_FxEnabled":true},"in2DMode":false,"pivot":{"x":-3.545499801635742,"y":5.075796127319336,"z":-4.7695231437683109},"rotation":{"x":0.08934596925973892,"y":0.40171733498573305,"z":-0.03941654413938522,"w":0.9105505347251892},"size":3.5333118438720705,"orthographic":false}