{"cameraMode":{"drawMode":0,"name":"Shaded","section":"Shading Mode"},"sceneLighting":true,"audioPlay":false,"sceneViewState":{"m_AlwaysRefresh":false,"showFog":true,"showSkybox":false,"showFlares":true,"showImageEffects":true,"showParticleSystems":true,"showVisualEffectGraphs":true,"m_FxEnabled":true},"in2DMode":false,"pivot":{"x":0.9812924861907959,"y":0.8684427738189697,"z":0.37573790550231936},"rotation":{"x":0.2967677116394043,"y":0.35492050647735598,"z":-0.11990949511528015,"w":0.878400981426239},"size":7.7566609382629398,"orthographic":false}