{"cameraMode":{"drawMode":0,"name":"Shaded","section":"Shading Mode"},"sceneLighting":false,"audioPlay":false,"sceneViewState":{"m_AlwaysRefresh":false,"showFog":true,"showSkybox":false,"showFlares":true,"showImageEffects":true,"showParticleSystems":true,"showVisualEffectGraphs":true,"m_FxEnabled":true},"in2DMode":false,"pivot":{"x":-2.0343050956726076,"y":2.65216326713562,"z":-0.20969635248184205},"rotation":{"x":0.28985998034477236,"y":0.5850807428359985,"z":-0.23559698462486268,"w":0.7198368906974793},"size":0.30743908882141116,"orthographic":false}