{"cameraMode":{"drawMode":0,"name":"Shaded","section":"Shading Mode"},"sceneLighting":false,"audioPlay":false,"sceneViewState":{"m_AlwaysRefresh":false,"showFog":true,"showSkybox":false,"showFlares":true,"showImageEffects":true,"showParticleSystems":true,"showVisualEffectGraphs":true,"m_FxEnabled":true},"in2DMode":false,"pivot":{"x":-0.7124265432357788,"y":0.952281653881073,"z":-0.13273358345031739},"rotation":{"x":0.30623918771743777,"y":0.11952593177556992,"z":-0.03878987953066826,"w":0.9436289668083191},"size":0.7673835158348084,"orthographic":false}