{"cameraMode":{"drawMode":0,"name":"Shaded","section":"Shading Mode"},"sceneLighting":false,"audioPlay":false,"sceneViewState":{"m_AlwaysRefresh":false,"showFog":true,"showSkybox":false,"showFlares":true,"showImageEffects":true,"showParticleSystems":true,"showVisualEffectGraphs":true,"m_FxEnabled":true},"in2DMode":false,"pivot":{"x":-0.0906214714050293,"y":0.9303250312805176,"z":-0.06964874267578125},"rotation":{"x":0.032048195600509647,"y":0.46943169832229617,"z":-0.017051147297024728,"w":0.882226824760437},"size":1.9072489738464356,"orthographic":false}