{"cameraMode":{"drawMode":0,"name":"Shaded","section":"Shading Mode"},"sceneLighting":false,"audioPlay":false,"sceneViewState":{"m_AlwaysRefresh":false,"showFog":true,"showSkybox":false,"showFlares":true,"showImageEffects":true,"showParticleSystems":true,"showVisualEffectGraphs":true,"m_FxEnabled":true},"in2DMode":false,"pivot":{"x":0.35297536849975588,"y":0.22823476791381837,"z":-0.037776947021484378},"rotation":{"x":0.34533509612083437,"y":0.37501630187034609,"z":-0.15297429263591767,"w":0.8465886116027832},"size":4.9190239906311039,"orthographic":false}