{"cameraMode":{"drawMode":0,"name":"Shaded","section":"Shading Mode"},"sceneLighting":false,"audioPlay":false,"sceneViewState":{"m_AlwaysRefresh":false,"showFog":true,"showSkybox":false,"showFlares":true,"showImageEffects":true,"showParticleSystems":true,"showVisualEffectGraphs":true,"m_FxEnabled":true},"in2DMode":false,"pivot":{"x":0.9849969148635864,"y":0.9418412446975708,"z":0.026453375816345216},"rotation":{"x":0.3850156366825104,"y":0.18358787894248963,"z":-0.07844564318656922,"w":0.901061475276947},"size":1.7518380880355836,"orthographic":false}