{"cameraMode":{"drawMode":0,"name":"Shaded","section":"Shading Mode"},"sceneLighting":false,"audioPlay":false,"sceneViewState":{"m_AlwaysRefresh":false,"showFog":true,"showSkybox":false,"showFlares":true,"showImageEffects":true,"showParticleSystems":true,"showVisualEffectGraphs":true,"m_FxEnabled":false},"in2DMode":false,"pivot":{"x":2.8249998092651369,"y":1.0999999046325684,"z":0.22200000286102296},"rotation":{"x":0.20674261450767518,"y":0.2371140420436859,"z":-0.05996942147612572,"w":0.9474394917488098},"size":3.4717156887054445,"orthographic":false}