{"cameraMode":{"drawMode":0,"name":"Shaded","section":"Shading Mode"},"sceneLighting":false,"audioPlay":false,"sceneViewState":{"m_AlwaysRefresh":false,"showFog":true,"showSkybox":false,"showFlares":true,"showImageEffects":true,"showParticleSystems":true,"showVisualEffectGraphs":true,"m_FxEnabled":true},"in2DMode":false,"pivot":{"x":-0.015754036605358125,"y":0.08426789939403534,"z":-0.1074751541018486},"rotation":{"x":-0.41700005531311037,"y":0.495225727558136,"z":0.2936294674873352,"w":0.7033156752586365},"size":0.10941845178604126,"orthographic":false}