{"cameraMode":{"drawMode":0,"name":"Shaded","section":"Shading Mode"},"sceneLighting":false,"audioPlay":false,"sceneViewState":{"m_AlwaysRefresh":false,"showFog":true,"showSkybox":false,"showFlares":true,"showImageEffects":true,"showParticleSystems":true,"showVisualEffectGraphs":true,"m_FxEnabled":true},"in2DMode":false,"pivot":{"x":-1.4544589519500733,"y":1.4822033643722535,"z":-0.9805089235305786},"rotation":{"x":0.2637903392314911,"y":0.586118757724762,"z":-0.20984838902950288,"w":0.7367864847183228},"size":0.14308997988700868,"orthographic":false}