{"cameraMode":{"drawMode":0,"name":"Shaded","section":"Shading Mode"},"sceneLighting":false,"audioPlay":false,"sceneViewState":{"m_AlwaysRefresh":false,"showFog":true,"showSkybox":false,"showFlares":true,"showImageEffects":true,"showParticleSystems":true,"showVisualEffectGraphs":true,"m_FxEnabled":true},"in2DMode":false,"pivot":{"x":-2.51686692237854,"y":2.4160044193267824,"z":0.015289274044334889},"rotation":{"x":0.2545452117919922,"y":0.6674937009811401,"z":-0.26182711124420168,"w":0.6489349007606506},"size":0.14308997988700868,"orthographic":false}