{"cameraMode":{"drawMode":0,"name":"Shaded","section":"Shading Mode"},"sceneLighting":true,"audioPlay":false,"sceneViewState":{"m_AlwaysRefresh":false,"showFog":true,"showSkybox":false,"showFlares":true,"showImageEffects":true,"showParticleSystems":true,"showVisualEffectGraphs":true,"m_FxEnabled":true},"in2DMode":false,"pivot":{"x":9.051950454711914,"y":-3.7942843437194826,"z":10.936388969421387},"rotation":{"x":0.1735694259405136,"y":0.30041253566741946,"z":-0.05569286644458771,"w":0.9362323880195618},"size":11.696654319763184,"orthographic":false}