{"cameraMode":{"drawMode":0,"name":"Shaded","section":"Shading Mode"},"sceneLighting":false,"audioPlay":false,"sceneViewState":{"m_AlwaysRefresh":false,"showFog":true,"showSkybox":false,"showFlares":true,"showImageEffects":true,"showParticleSystems":true,"showVisualEffectGraphs":true,"m_FxEnabled":true},"in2DMode":false,"pivot":{"x":0.8354718685150147,"y":0.4326014518737793,"z":-0.43063902854919436},"rotation":{"x":0.2931908071041107,"y":0.4645272493362427,"z":-0.16631418466567994,"w":0.8189017176628113},"size":2.4595119953155519,"orthographic":false}