{"cameraMode":{"drawMode":0,"name":"Shaded","section":"Shading Mode"},"sceneLighting":false,"audioPlay":false,"sceneViewState":{"m_AlwaysRefresh":false,"showFog":true,"showSkybox":false,"showFlares":true,"showImageEffects":true,"showParticleSystems":true,"showVisualEffectGraphs":true,"m_FxEnabled":true},"in2DMode":false,"pivot":{"x":-3.2934696674346926,"y":3.8989312648773195,"z":-3.8972959518432619},"rotation":{"x":0.2983648478984833,"y":0.18877077102661134,"z":-0.06032474711537361,"w":0.9336550235748291},"size":3.828151226043701,"orthographic":false}