{"cameraMode":{"drawMode":0,"name":"Shaded","section":"Shading Mode"},"sceneLighting":false,"audioPlay":false,"sceneViewState":{"m_AlwaysRefresh":false,"showFog":true,"showSkybox":false,"showFlares":true,"showImageEffects":true,"showParticleSystems":true,"showVisualEffectGraphs":true,"m_FxEnabled":true},"in2DMode":false,"pivot":{"x":0.8199907541275024,"y":1.2188810110092164,"z":-0.5034732222557068},"rotation":{"x":0.33534759283065798,"y":0.04095907881855965,"z":-0.014595046639442444,"w":0.9410942196846008},"size":1.2124296426773072,"orthographic":false}