{"cameraMode":{"drawMode":0,"name":"Shaded","section":"Shading Mode"},"sceneLighting":false,"audioPlay":false,"sceneViewState":{"m_AlwaysRefresh":false,"showFog":true,"showSkybox":false,"showFlares":true,"showImageEffects":true,"showParticleSystems":true,"showVisualEffectGraphs":true,"m_FxEnabled":true},"in2DMode":false,"pivot":{"x":0.7793697118759155,"y":1.103658676147461,"z":-0.6008697748184204},"rotation":{"x":0.36494895815849306,"y":0.032106976956129077,"z":-0.01259384024888277,"w":0.930392324924469},"size":1.2124296426773072,"orthographic":false}