{"cameraMode":{"drawMode":0,"name":"Shaded","section":"Shading Mode"},"sceneLighting":false,"audioPlay":false,"sceneViewState":{"m_AlwaysRefresh":false,"showFog":true,"showSkybox":false,"showFlares":true,"showImageEffects":true,"showParticleSystems":true,"showVisualEffectGraphs":true,"m_FxEnabled":true},"in2DMode":false,"pivot":{"x":-0.0678098201751709,"y":0.4407494068145752,"z":-0.08365583419799805},"rotation":{"x":0.36229074001312258,"y":0.3559761941432953,"z":-0.15210559964179994,"w":0.8478777408599854},"size":6.425106048583984,"orthographic":false}